{"cameraMode":{"drawMode":0,"name":"Shaded","section":"Shading Mode"},"sceneLighting":true,"audioPlay":false,"sceneViewState":{"m_AlwaysRefresh":false,"showFog":true,"showSkybox":false,"showFlares":true,"showImageEffects":true,"showParticleSystems":true,"showVisualEffectGraphs":true,"m_FxEnabled":true},"in2DMode":false,"pivot":{"x":-0.8906131982803345,"y":-0.6156959533691406,"z":-12.943647384643555},"rotation":{"x":0.0010315203107893468,"y":0.9941961169242859,"z":-0.10718701034784317,"w":0.009555622935295105},"size":8.79784107208252,"orthographic":false}